,methods,evaluation_metrics,mean_value
0,gensim,precision,0.335373265745749
1,bert,precision,0.7024164428257678
2,gpt2,precision,0.7161492835884642
3,t5,precision,0.22845381306563778
4,gensim,recall,0.5469977396808273
5,bert,recall,0.22295079038958127
6,gpt2,recall,0.20571939596501404
7,t5,recall,0.684600704496855
8,gensim,f1_score,0.39301258709262776
9,bert,f1_score,0.3043697064801357
10,gpt2,f1_score,0.289788745285004
11,t5,f1_score,0.3299623881272896
