,methods,evaluation_metrics,mean_value
0,gensim,precision,0.26779554881183365
1,bert,precision,0.18181353338642278
2,gpt2,precision,0.18149083644466382
3,t5,precision,0.36623917734744504
4,gensim,recall,0.20155500879694252
5,bert,recall,0.48134789047097015
6,gpt2,recall,0.49762226303379753
7,t5,recall,0.1191768812351621
8,gensim,f1_score,0.22193334812029422
9,bert,f1_score,0.25169179034599387
10,gpt2,f1_score,0.2523859251558199
11,t5,f1_score,0.17255812260811348
