,methods,evaluation_metrics,mean_value
0,gensim,precision,0.08356866117762271
1,bert,precision,0.06618795986089906
2,gpt2,precision,0.06848673567547857
3,t5,precision,0.08563362658227737
4,gensim,recall,0.05831307869515889
5,bert,recall,0.21044961599018727
6,gpt2,recall,0.224599195771985
7,t5,recall,0.024478818553818914
8,gensim,f1_score,0.06478791986867542
9,bert,f1_score,0.09470400319402004
10,gpt2,f1_score,0.09770217369248177
11,t5,f1_score,0.03645701954974184
